<?xml version="1.0" encoding="utf-8"?>
<!--/18360368/852054/2.50/2/3/Fuse/-->
<quadcept_library>
  <setting unit="mil" />
  <textstyle name="Default" height="47.244094488189" strokewidth="7.8740157480315" charwidth="47.244094488189" />
  <textstyle name="Dimension" height="19.6850393700787" strokewidth="0" charwidth="19.6850393700787" />
  <textstyle name="H127W0635TH00762" height="50" strokewidth="3" charwidth="25" />
  <textstyle name="H15W15TH02" height="59.0551181102362" strokewidth="7.8740157480315" charwidth="59.0551181102362" />
  <padstyle name="r671_273" surface="True" plated="False" isvia="False" nopaste="False" nomask="True" complex="False" holesize="0">
    <padshape layer="TOP" shape="rectangle" width="107.48031496063" height="264.17322834645" />
    <padshape layer="TOP_SOLDER_MASK" shape="rectangle" width="115.35433070866" height="272.04724409448" />
    <padshape layer="TOP_SOLDER_PASTE" shape="rectangle" width="107.48031496063" height="264.17322834645" />
  </padstyle>
  <footprint name="FUSC8664X180N" originx="0" originy="0" pickpointx="0" pickpointy="0">
    <pcbpin number="1" name="1" style="r671_273" originx="-137.40157480315" originy="0" rotation="0" />
    <pcbpin number="2" name="2" style="r671_273" originx="137.40157480315" originy="0" rotation="0" />
    <line layer="TOP_PLACE_BOUND" originx="-200.9842519685" originy="141.92913385827" endx="200.9842519685" endy="141.92913385827" width="1.9685039370079" />
    <line layer="TOP_PLACE_BOUND" originx="200.9842519685" originy="141.92913385827" endx="200.9842519685" endy="-141.92913385827" width="1.9685039370079" />
    <line layer="TOP_PLACE_BOUND" originx="200.9842519685" originy="-141.92913385827" endx="-200.9842519685" endy="-141.92913385827" width="1.9685039370079" />
    <line layer="TOP_PLACE_BOUND" originx="-200.9842519685" originy="-141.92913385827" endx="-200.9842519685" endy="141.92913385827" width="1.9685039370079" />
    <line layer="TOP_ASSEMBLY" originx="-170.27559055118" originy="125" endx="170.27559055118" endy="125" width="3.9370078740157" />
    <line layer="TOP_ASSEMBLY" originx="170.27559055118" originy="125" endx="170.27559055118" endy="-125" width="3.9370078740157" />
    <line layer="TOP_ASSEMBLY" originx="170.27559055118" originy="-125" endx="-170.27559055118" endy="-125" width="3.9370078740157" />
    <line layer="TOP_ASSEMBLY" originx="-170.27559055118" originy="-125" endx="-170.27559055118" endy="125" width="3.9370078740157" />
    <line layer="TOP_SILKSCREEN" originx="0" originy="121.06299212598" endx="0" endy="-121.06299212598" width="7.8740157480314" />
  </footprint>
  <symbol name="3425L200_60MR" originx="0" originy="0">
    <line originx="200" originy="50" endx="500" endy="50" width="0" />
    <line originx="500" originy="-50" endx="500" endy="50" width="0" />
    <line originx="500" originy="-50" endx="200" endy="-50" width="0" />
    <line originx="200" originy="50" endx="200" endy="-50" width="0" />
    <line originx="200" originy="0" endx="500" endy="0" width="0" />
    <sympin number="1" originx="200" originy="0" rotation="180" length="100" width="7.8740157480315" flipped="False">
      <text name="pinname" originx="0" originy="-10" style="Default" rotation="0" justify="upperleft" flipped="False" hidden="True" data="1" />
      <text name="pindes" originx="0" originy="10" style="Default" rotation="0" justify="lowerleft" flipped="False" hidden="False" data="1" />
    </sympin>
    <sympin number="2" originx="500" originy="0" rotation="0" length="100" width="7.8740157480315" flipped="False">
      <text name="pinname" originx="700" originy="-10" style="Default" rotation="0" justify="upperright" flipped="False" hidden="True" data="2" />
      <text name="pindes" originx="700" originy="10" style="Default" rotation="0" justify="lowerright" flipped="False" hidden="False" data="2" />
    </sympin>
  </symbol>
  <component name="3425L200_60MR" designatorprefix="F" height="70.866141732283" footprint="FUSC8664X180N">
    <comppin designator="1" sympin="1" pinswap="0" gateswap="0" gate="1" group="1" side="" type="Any" name="1" />
    <comppin designator="2" sympin="2" pinswap="0" gateswap="0" gate="1" group="1" side="" type="Any" name="2" />
    <attached_symbol gate="1" name="3425L200_60MR" />
    <pinmap designator="1" footprintpin="1" />
    <pinmap designator="2" footprintpin="2" />
    <text name="Datasheet" originx="0" originy="0" style="Default" rotation="0" justify="" flipped="False" hidden="True" data="https://www.littelfuse.com/media?resourcetype=datasheets&amp;itemid=bc6d850b-99e2-4108-9141-9afcdeb5e383&amp;filename=littelfuse-pptc-3425l-datasheet" />
    <text name="Description" originx="0" originy="0" style="Default" rotation="0" justify="" flipped="False" hidden="True" data="Resettable Fuses - PPTC 3425L Series PPTC" />
    <text name="Mouser Part Number" originx="0" originy="0" style="Default" rotation="0" justify="" flipped="False" hidden="True" data="576-3425L200/60MR" />
    <text name="Mouser Price/Stock" originx="0" originy="0" style="Default" rotation="0" justify="" flipped="False" hidden="True" data="https://www.mouser.co.uk/ProductDetail/Littelfuse/3425L200-60MR?qs=Jm2GQyTW%2Fbiqdph8lH2A%2FA%3D%3D" />
    <text name="Manufacturer_Name" originx="0" originy="0" style="Default" rotation="0" justify="" flipped="False" hidden="True" data="LITTELFUSE" />
    <text name="Manufacturer_Part_Number" originx="550" originy="150" style="Default" rotation="0" justify="left" flipped="False" hidden="False" data="3425L200/60MR" />
  </component>
</quadcept_library>
