﻿pos_x,pos_y,rotation,side,designator,mpn,pack,value,mount_type,place
131.191,-66.421,-90.0,top,Alim_batterie301,,JST_XH_B2B-XH-A_1x02_P2.50mm_Vertical,Conn_01x02,tht,True
131.064,-50.713,-90.0,top,Alim_charger301,,JST_XH_B2B-XH-A_1x02_P2.50mm_Vertical,Conn_01x02,tht,True
171.196,-64.897,180.0,top,C201,,C_0603_1608Metric_Pad1.08x0.95mm_HandSolder,100nF,smt,True
171.196,-62.865,180.0,top,C202,,C_0603_1608Metric_Pad1.08x0.95mm_HandSolder,100nF,smt,True
171.196,-61.087,180.0,top,C203,,C_0603_1608Metric_Pad1.08x0.95mm_HandSolder,4.7uF,smt,True
190.627,-77.597,180.0,top,C204,,C_0603_1608Metric_Pad1.08x0.95mm_HandSolder,5pF,smt,True
167.894,-61.214,90.0,top,C205,,C_0603_1608Metric_Pad1.08x0.95mm_HandSolder,100nF,smt,True
186.055,-77.597,0.0,top,C206,,C_0603_1608Metric_Pad1.08x0.95mm_HandSolder,5pF,smt,True
159.336,-67.691,180.0,top,C207,,C_0603_1608Metric_Pad1.08x0.95mm_HandSolder,100nF,smt,True
165.862,-67.7175,-90.0,top,C208,,C_0603_1608Metric_Pad1.08x0.95mm_HandSolder,10pF,smt,True
168.91,-71.374,0.0,top,C209,,C_0603_1608Metric_Pad1.08x0.95mm_HandSolder,10pF,smt,True
140.1815,-79.756,0.0,top,C301,,C_0603_1608Metric_Pad1.08x0.95mm_HandSolder,22uF,smt,True
139.827,-87.757,180.0,top,C302,,C_0603_1608Metric_Pad1.08x0.95mm_HandSolder,0.1uF,smt,True
140.155,-81.407,0.0,top,C303,,C_0603_1608Metric_Pad1.08x0.95mm_HandSolder,0.1uF,smt,True
136.652,-92.71,90.0,top,C304,,C_0603_1608Metric_Pad1.08x0.95mm_HandSolder,0.1uF,smt,True
145.953,-95.47,0.0,top,C305,,C_0603_1608Metric_Pad1.08x0.95mm_HandSolder,15pF,smt,True
141.8065,-100.1765,-90.0,top,C306,,C_0603_1608Metric_Pad1.08x0.95mm_HandSolder,22uF,smt,True
143.4575,-100.1765,-90.0,top,C307,,C_0603_1608Metric_Pad1.08x0.95mm_HandSolder,22uF,smt,True
147.858,-89.882,0.0,top,C308,,C_0603_1608Metric_Pad1.08x0.95mm_HandSolder,1uF,smt,True
147.955,-83.312,0.0,top,C309,,C_0603_1608Metric_Pad1.08x0.95mm_HandSolder,1uF,smt,True
156.845,-95.123,90.0,top,C401,,C_0603_1608Metric_Pad1.08x0.95mm_HandSolder,1uF,smt,True
180.274,-95.377,90.0,top,C402,,C_0603_1608Metric_Pad1.08x0.95mm_HandSolder,1uF,smt,True
174.023,-93.345,180.0,top,C403,,C_0603_1608Metric_Pad1.08x0.95mm_HandSolder,100nF,smt,True
196.84,-93.556,180.0,top,C404,,C_0603_1608Metric_Pad1.08x0.95mm_HandSolder,100nF,smt,True
203.708,-100.6875,-90.0,top,C405,,C_0603_1608Metric_Pad1.08x0.95mm_HandSolder,100nF,smt,True
195.326,-98.171,0.0,top,C406,,C_0603_1608Metric,10uF,smt,True
172.974,-98.044,0.0,top,C407,,C_0603_1608Metric,10uF,smt,True
208.534,-72.2895,90.0,top,C501,,C_0603_1608Metric_Pad1.08x0.95mm_HandSolder,10nF,smt,True
207.645,-68.072,-90.0,top,C502,,C_0603_1608Metric_Pad1.08x0.95mm_HandSolder,100nF,smt,True
202.311,-65.151,-90.0,top,C503,,C_0603_1608Metric_Pad1.08x0.95mm_HandSolder,100nF,smt,True
178.435,-55.118,-90.0,top,D201,,LED_0603_1608Metric_Pad1.05x0.95mm_HandSolder,LED_ON,smt,True
188.341,-55.118,-90.0,top,D202,,LED_0603_1608Metric_Pad1.05x0.95mm_HandSolder,RED,smt,True
186.309,-55.118,-90.0,top,D203,,LED_0603_1608Metric_Pad1.05x0.95mm_HandSolder,Yellow,smt,True
182.372,-55.132,-90.0,top,D204,,LED_0603_1608Metric_Pad1.05x0.95mm_HandSolder,BLUE,smt,True
184.404,-55.118,-90.0,top,D205,,LED_0603_1608Metric_Pad1.05x0.95mm_HandSolder,WHITE,smt,True
180.434,-55.132,-90.0,top,D206,,LED_0603_1608Metric_Pad1.05x0.95mm_HandSolder,GREEN,smt,True
131.191,-58.928,90.0,top,D301,,SODFL3718X108N,1.5KExxA,smt,True
188.355,-90.297,180.0,top,D401,,LED_0603_1608Metric_Pad1.05x0.95mm_HandSolder,RED,smt,True
182.8565,-90.297,0.0,top,D402,,LED_0603_1608Metric_Pad1.05x0.95mm_HandSolder,RED,smt,True
165.608,-90.551,180.0,top,D403,,LED_0603_1608Metric_Pad1.05x0.95mm_HandSolder,RED,smt,True
156.464,-83.185,90.0,top,D404,,LED_0603_1608Metric_Pad1.05x0.95mm_HandSolder,RED,smt,True
160.401,-90.551,0.0,top,D404,,LED_0603_1608Metric_Pad1.05x0.95mm_HandSolder,RED,smt,True
162.433,-83.185,90.0,top,D404,,LED_0603_1608Metric_Pad1.05x0.95mm_HandSolder,RED,smt,True
159.385,-80.885,90.0,top,D404,,LED_0603_1608Metric_Pad1.05x0.95mm_HandSolder,RED,smt,True
131.318,-74.549,-90.0,top,F301,,Fuse_1206_3216Metric,Polyfuse,smt,True
180.654,-64.747,0.0,top,IC201,,QFP50P1200X1200X160-64N,STM32G070RBT6,smt,True
196.774,-95.984,180.0,top,IC401,,SOT65P210X110-6N,NCS199A2RSQT2G,smt,True
173.83,-95.87,180.0,top,IC402,,SOT65P210X110-6N,NCS199A2RSQT2G,smt,True
203.318,-70.632,90.0,top,IC501,,IMU,IIM-20670,smt,True
202.692,-56.007,180.0,top,J201,,PinHeader_2x07_P2.54mm_Vertical,Conn_02x07_Odd_Even,tht,True
185.801,-103.759,0.0,top,J401,,JST_XH_B6B-XH-A_1x06_P2.50mm_Vertical,Conn_01x06,tht,True
162.052,-103.759,0.0,top,J402,,JST_XH_B6B-XH-A_1x06_P2.50mm_Vertical,Conn_01x06,tht,True
143.764,-42.418,180.0,top,J501,,JST_XH_B3B-XH-A_1x03_P2.50mm_Vertical,Conn_01x03,tht,True
155.448,-42.291,180.0,top,J502,,JST_XH_B3B-XH-A_1x03_P2.50mm_Vertical,Conn_01x03,tht,True
179.632,-42.291,180.0,top,J503,,JST_XH_B8B-XH-A_1x08_P2.50mm_Vertical,Conn_01x08,tht,True
212.979,-78.025,90.0,top,J504,,JST_XH_B3B-XH-A_1x03_P2.50mm_Vertical,Conn_01x03,tht,True
212.962,-66.381,90.0,top,J505,,JST_XH_B3B-XH-A_1x03_P2.50mm_Vertical,Conn_01x03,tht,True
212.979,-55.118,90.0,top,J506,,JST_XH_B3B-XH-A_1x03_P2.50mm_Vertical,Conn_01x03,tht,True
192.405,-42.291,180.0,top,J507,,JST_XH_B3B-XH-A_1x03_P2.50mm_Vertical,Conn_01x03,tht,True
165.735,-61.214,-90.0,top,L201,,L_0603_1608Metric,6uH,smt,True
137.9965,-98.6525,0.0,top,L301,,INDPM4141X210N,4.7uH,smt,True
147.924,-86.6,90.0,top,PS301,,SOT95P280X145-5N,MIC5317-3.3YM5-TR,smt,True
189.738,-80.645,-90.0,top,R201,,R_0603_1608Metric_Pad0.98x0.95mm_HandSolder,10k,smt,True
187.071,-80.645,-90.0,top,R202,,R_0603_1608Metric_Pad0.98x0.95mm_HandSolder,10k,smt,True
171.577,-69.977,90.0,top,R203,,R_0603_1608Metric_Pad0.98x0.95mm_HandSolder,10R,smt,True
178.435,-51.0775,90.0,top,R204,,R_0603_1608Metric_Pad0.98x0.95mm_HandSolder,3.3k,smt,True
188.341,-51.0775,90.0,top,R205,,R_0603_1608Metric_Pad0.98x0.95mm_HandSolder,3.3k,smt,True
186.309,-51.054,90.0,top,R206,,R_0603_1608Metric_Pad0.98x0.95mm_HandSolder,3.3k,smt,True
182.372,-51.054,90.0,top,R207,,R_0603_1608Metric_Pad0.98x0.95mm_HandSolder,3.3k,smt,True
184.404,-51.054,90.0,top,R208,,R_0603_1608Metric_Pad0.98x0.95mm_HandSolder,3.3k,smt,True
180.467,-51.054,90.0,top,R209,,R_0603_1608Metric_Pad0.98x0.95mm_HandSolder,3.3k,smt,True
139.827,-89.408,180.0,top,R301,,R_0603_1608Metric_Pad0.98x0.95mm_HandSolder,100k,smt,True
142.621,-85.344,90.0,top,R302,,R_0603_1608Metric_Pad0.98x0.95mm_HandSolder,100k,smt,True
135.89,-87.122,-90.0,top,R303,,R_0805_2012Metric_Pad1.20x1.40mm_HandSolder,20,smt,True
139.827,-92.583,-90.0,top,R304,,R_0603_1608Metric_Pad0.98x0.95mm_HandSolder,16k,smt,True
141.762,-92.6105,-90.0,top,R305,,R_0603_1608Metric_Pad0.98x0.95mm_HandSolder,7.36k,smt,True
145.953,-93.438,0.0,top,R306,,R_0603_1608Metric_Pad0.98x0.95mm_HandSolder,40.2k,smt,True
192.0615,-90.297,0.0,top,R401,,R_0603_1608Metric_Pad0.98x0.95mm_HandSolder,390R,smt,True
179.3005,-90.297,180.0,top,R402,,R_0603_1608Metric_Pad0.98x0.95mm_HandSolder,390R,smt,True
169.291,-90.551,0.0,top,R403,,R_0603_1608Metric_Pad0.98x0.95mm_HandSolder,390R,smt,True
159.385,-84.582,-90.0,top,R404,,R_0603_1608Metric_Pad0.98x0.95mm_HandSolder,390,smt,True
156.718,-90.551,180.0,top,R404,,R_0603_1608Metric_Pad0.98x0.95mm_HandSolder,390R,smt,True
155.575,-85.725,180.0,top,R404,,R_0603_1608Metric_Pad0.98x0.95mm_HandSolder,390,smt,True
163.449,-85.725,180.0,top,R404,,R_0603_1608Metric_Pad0.98x0.95mm_HandSolder,390,smt,True
192.151,-96.139,-90.0,top,R405,,R_1206_3216Metric_Pad1.30x1.75mm_HandSolder,0.015,smt,True
168.91,-95.885,-90.0,top,R406,,R_1206_3216Metric_Pad1.30x1.75mm_HandSolder,0.015,smt,True
205.867,-96.3695,-90.0,top,R407,,R_0603_1608Metric_Pad0.98x0.95mm_HandSolder,100k,smt,True
205.867,-100.6875,-90.0,top,R408,,R_0603_1608Metric_Pad0.98x0.95mm_HandSolder,100k,smt,True
212.6,-43.0,0.0,top,REFe,,MountingHole_3.2mm_M3_Pad_Via,MountingHole_3.2mm_M3_Pad_Via,tht,False
158.496,-65.024,180.0,top,SW201,,SW_SPST_B3U-1000P,SW_Push,smt,True
178.562,-77.47,-90.0,top,SW202,,SW_SPST_B3U-1000P,SW_Push,smt,True
182.499,-77.47,-90.0,top,SW203,,SW_SPST_B3U-1000P,SW_Push,smt,True
194.437,-70.866,0.0,top,SW204,,SW_SPST_B3U-1000P,SW_Push,smt,True
140.589,-60.707,90.0,top,SW302,,Switch-3,Switch,tht,True
138.643,-84.679,-90.0,top,U301,,SOT65P280X100-8N,MP1475DJ-LF-P,smt,True
185.006,-96.901,180.0,top,U401,,SOIC127P600X175-8N,ZXBM5210-S,smt,True
161.544,-96.774,180.0,top,U402,,SOIC127P600X175-8N,ZXBM5210-S,smt,True
168.949,-68.242,90.0,top,Y201,,Crystal_SMD_3225-4Pin_3.2x2.5mm,16MHz,smt,True
