﻿designator,quantity,value,pack,mpn,mount_type
"Alim_batterie301, Alim_charger301",2,Conn_01x02,JST_XH_B2B-XH-A_1x02_P2.50mm_Vertical,,tht
"C201, C202, C205, C207, C403, C404, C405, C502, C503",9,100nF,C_0603_1608Metric_Pad1.08x0.95mm_HandSolder,,smt
C203,1,4.7uF,C_0603_1608Metric_Pad1.08x0.95mm_HandSolder,,smt
"C204, C206",2,5pF,C_0603_1608Metric_Pad1.08x0.95mm_HandSolder,,smt
"C208, C209",2,10pF,C_0603_1608Metric_Pad1.08x0.95mm_HandSolder,,smt
"C301, C306, C307",3,22uF,C_0603_1608Metric_Pad1.08x0.95mm_HandSolder,,smt
"C302, C303, C304",3,0.1uF,C_0603_1608Metric_Pad1.08x0.95mm_HandSolder,,smt
C305,1,15pF,C_0603_1608Metric_Pad1.08x0.95mm_HandSolder,,smt
"C308, C309, C401, C402",4,1uF,C_0603_1608Metric_Pad1.08x0.95mm_HandSolder,,smt
"C406, C407",2,10uF,C_0603_1608Metric,,smt
C501,1,10nF,C_0603_1608Metric_Pad1.08x0.95mm_HandSolder,,smt
D201,1,LED_ON,LED_0603_1608Metric_Pad1.05x0.95mm_HandSolder,,smt
"D202, D401, D402, D403, D404, D404, D404, D404",8,RED,LED_0603_1608Metric_Pad1.05x0.95mm_HandSolder,,smt
D203,1,Yellow,LED_0603_1608Metric_Pad1.05x0.95mm_HandSolder,,smt
D204,1,BLUE,LED_0603_1608Metric_Pad1.05x0.95mm_HandSolder,,smt
D205,1,WHITE,LED_0603_1608Metric_Pad1.05x0.95mm_HandSolder,,smt
D206,1,GREEN,LED_0603_1608Metric_Pad1.05x0.95mm_HandSolder,,smt
D301,1,1.5KExxA,SODFL3718X108N,,smt
F301,1,Polyfuse,Fuse_1206_3216Metric,,smt
IC201,1,STM32G070RBT6,QFP50P1200X1200X160-64N,,smt
"IC401, IC402",2,NCS199A2RSQT2G,SOT65P210X110-6N,,smt
IC501,1,IIM-20670,IMU,,smt
J201,1,Conn_02x07_Odd_Even,PinHeader_2x07_P2.54mm_Vertical,,tht
"J401, J402",2,Conn_01x06,JST_XH_B6B-XH-A_1x06_P2.50mm_Vertical,,tht
"J501, J502, J504, J505, J506, J507",6,Conn_01x03,JST_XH_B3B-XH-A_1x03_P2.50mm_Vertical,,tht
J503,1,Conn_01x08,JST_XH_B8B-XH-A_1x08_P2.50mm_Vertical,,tht
L201,1,6uH,L_0603_1608Metric,,smt
L301,1,4.7uH,INDPM4141X210N,,smt
PS301,1,MIC5317-3.3YM5-TR,SOT95P280X145-5N,,smt
"R201, R202",2,10k,R_0603_1608Metric_Pad0.98x0.95mm_HandSolder,,smt
R203,1,10R,R_0603_1608Metric_Pad0.98x0.95mm_HandSolder,,smt
"R204, R205, R206, R207, R208, R209",6,3.3k,R_0603_1608Metric_Pad0.98x0.95mm_HandSolder,,smt
"R301, R302, R407, R408",4,100k,R_0603_1608Metric_Pad0.98x0.95mm_HandSolder,,smt
R303,1,20,R_0805_2012Metric_Pad1.20x1.40mm_HandSolder,,smt
R304,1,16k,R_0603_1608Metric_Pad0.98x0.95mm_HandSolder,,smt
R305,1,7.36k,R_0603_1608Metric_Pad0.98x0.95mm_HandSolder,,smt
R306,1,40.2k,R_0603_1608Metric_Pad0.98x0.95mm_HandSolder,,smt
"R401, R402, R403, R404",4,390R,R_0603_1608Metric_Pad0.98x0.95mm_HandSolder,,smt
"R404, R404, R404",3,390,R_0603_1608Metric_Pad0.98x0.95mm_HandSolder,,smt
"R405, R406",2,0.015,R_1206_3216Metric_Pad1.30x1.75mm_HandSolder,,smt
"SW201, SW202, SW203, SW204",4,SW_Push,SW_SPST_B3U-1000P,,smt
SW302,1,Switch,Switch-3,,tht
U301,1,MP1475DJ-LF-P,SOT65P280X100-8N,,smt
"U401, U402",2,ZXBM5210-S,SOIC127P600X175-8N,,smt
Y201,1,16MHz,Crystal_SMD_3225-4Pin_3.2x2.5mm,,smt
